Type,Haplotype,Clone,tool,AUROC,AUPRC,Accuracy,Precision,Recall,F1 Score,Kappa,Brier Score,Specificity,PPV,NPV
CN_Gain,maternal,normal,chisel_5x,,,1.0,0.0,0.0,0.0,,0.0,,,
CN_Gain,maternal,clone1,chisel_5x,0.5242310674592918,0.36977889930305213,0.6596491228070176,0.3,0.2465753424657534,0.2706766917293233,0.051466803911476955,0.34035087719298246,0.8018867924528302,0.3,0.7555555555555555
CN_Gain,maternal,clone2,chisel_5x,0.5254150702426563,0.3504623160654833,0.6771929824561403,0.2831858407079646,0.23703703703703705,0.25806451612903225,0.05385656292286889,0.32280701754385965,0.8137931034482758,0.2831858407079646,0.774617067833698
CN_Gain,maternal,clone3,chisel_5x,0.5238935969868174,0.5044776420794159,0.5666666666666667,0.4143646408839779,0.3472222222222222,0.3778337531486146,0.049345703520641826,0.43333333333333335,0.7005649717514124,0.4143646408839779,0.6375321336760925
CN_Gain,maternal,clone4,chisel_5x,0.4938243731406715,0.4755265567765568,0.5298245614035088,0.35714285714285715,0.3605769230769231,0.3588516746411483,-0.01232604373757451,0.47017543859649125,0.6270718232044199,0.35714285714285715,0.6305555555555555
CN_Gain,maternal,clone5,chisel_5x,0.540360841964584,0.5229559970635922,0.5701754385964912,0.40825688073394495,0.43414634146341463,0.42080378250591016,0.07961510578000397,0.4298245614035088,0.6465753424657534,0.40825688073394495,0.6704545454545454
CN_Gain,maternal,clone6,chisel_5x,0.479507543561411,0.44316440138808555,0.5298245614035088,0.33516483516483514,0.2932692307692308,0.3128205128205128,-0.04210440145168781,0.47017543859649125,0.6657458563535912,0.33516483516483514,0.6211340206185567
CN_Gain,maternal,clone7,chisel_5x,0.5313307145931985,0.48606986570565747,0.5894736842105263,0.4036144578313253,0.3316831683168317,0.3641304347826087,0.06528564220440658,0.4105263157894737,0.7309782608695652,0.4036144578313253,0.6658415841584159
CN_Gain,maternal,clone8,chisel_5x,0.5232105680578962,0.6031538770590599,0.5263157894736842,0.4847328244274809,0.4847328244274809,0.4847328244274809,0.04642113611579257,0.47368421052631576,0.5616883116883117,0.4847328244274809,0.5616883116883117
CN_Gain,maternal,clone9,chisel_5x,0.47928039702233244,0.5596528419777487,0.4842105263157895,0.4330708661417323,0.4230769230769231,0.4280155642023346,-0.04151646985705404,0.5157894736842106,0.535483870967742,0.4330708661417323,0.5253164556962026
CN_Gain,paternal,normal,chisel_5x,,,1.0,0.0,0.0,0.0,,0.0,,,
CN_Gain,paternal,clone1,chisel_5x,0.5109649122807018,0.30916179337231975,0.6649122807017543,0.21481481481481482,0.2543859649122807,0.23293172690763053,0.02051282051282055,0.3350877192982456,0.7675438596491229,0.21481481481481482,0.8045977011494253
CN_Gain,paternal,clone2,chisel_5x,0.5059243858622151,0.30125050756477845,0.6526315789473685,0.19463087248322147,0.27102803738317754,0.2265625,0.010295175123208877,0.3473684210526316,0.7408207343412527,0.19463087248322147,0.8147268408551069
CN_Gain,paternal,clone3,chisel_5x,0.514666012921089,0.4381511421515666,0.5789473684210527,0.3279569892473118,0.3465909090909091,0.3370165745856354,0.028878098645540584,0.42105263157894735,0.682741116751269,0.3279569892473118,0.7005208333333334
CN_Gain,paternal,clone4,chisel_5x,0.5225563909774436,0.4539639192320424,0.5701754385964912,0.32547169811320753,0.40350877192982454,0.360313315926893,0.04222048475371387,0.4298245614035088,0.6416040100250626,0.32547169811320753,0.7150837988826816
CN_Gain,paternal,clone5,chisel_5x,0.49914916935856024,0.4674393651342321,0.5140350877192983,0.30798479087452474,0.4602272727272727,0.3690205011389522,-0.001496949014931248,0.48596491228070177,0.5380710659898477,0.30798479087452474,0.6905537459283387
CN_Gain,paternal,clone6,chisel_5x,0.5076192964123999,0.44719930704504207,0.5508771929824562,0.31363636363636366,0.39655172413793105,0.350253807106599,0.014187271990271588,0.44912280701754387,0.6186868686868687,0.31363636363636366,0.7
CN_Gain,paternal,clone7,chisel_5x,0.5291157129672358,0.465307393153503,0.5771929824561404,0.34299516908212563,0.4034090909090909,0.370757180156658,0.05552576213852567,0.42280701754385963,0.6548223350253807,0.34299516908212563,0.7107438016528925
CN_Gain,paternal,clone8,chisel_5x,0.5020289855072464,0.5330049832753089,0.512280701754386,0.3968871595330739,0.4533333333333333,0.42323651452282157,0.003960022628700766,0.48771929824561405,0.5507246376811594,0.3968871595330739,0.6070287539936102
CN_Gain,paternal,clone9,chisel_5x,0.5017287966294869,0.560595648509921,0.4964912280701754,0.4033333333333333,0.5283842794759825,0.45746691871455575,0.003290074940595855,0.5035087719298246,0.4750733137829912,0.4033333333333333,0.6
CN_Neutral,maternal,normal,chisel_5x,,,1.0,1.0,1.0,1.0,,0.0,,,
CN_Neutral,maternal,clone1,chisel_5x,0.5720400836390894,0.7920550938364348,0.6192982456140351,0.6741293532338308,0.7591036414565826,0.7140974967061924,0.1504924382906827,0.38070175438596493,0.38497652582159625,0.6741293532338308,0.4880952380952381
CN_Neutral,maternal,clone2,chisel_5x,0.5277400734401121,0.8091855147650004,0.6035087719298246,0.7027027027027027,0.731457800511509,0.7167919799498746,0.05685795030237362,0.39649122807017545,0.3240223463687151,0.7027027027027027,0.3558282208588957
CN_Neutral,maternal,clone3,chisel_5x,0.54500592183182,0.6650498796009632,0.5403508771929825,0.5146198830409356,0.6470588235294118,0.5732899022801303,0.08901251738525728,0.45964912280701753,0.4429530201342282,0.5146198830409356,0.5789473684210527
CN_Neutral,maternal,clone4,chisel_5x,0.5301707686435775,0.6561194457598858,0.5298245614035088,0.5239616613418531,0.5795053003533569,0.5503355704697986,0.06029699437752978,0.47017543859649125,0.4808362369337979,0.5239616613418531,0.5369649805447471
CN_Neutral,maternal,clone5,chisel_5x,0.5556299520142841,0.7014497336294693,0.5578947368421052,0.594059405940594,0.5825242718446602,0.5882352941176471,0.11106160187144931,0.4421052631578947,0.5287356321839081,0.594059405940594,0.5168539325842697
CN_Neutral,maternal,clone6,chisel_5x,0.4895720075121084,0.6608392138692292,0.49473684210526314,0.5209580838323353,0.5761589403973509,0.5471698113207547,-0.02099711414071037,0.5052631578947369,0.40298507462686567,0.5209580838323353,0.4576271186440678
CN_Neutral,maternal,clone7,chisel_5x,0.560659760087241,0.7204940167319708,0.5701754385964912,0.5887323943661972,0.6785714285714286,0.6304675716440422,0.12296677761728314,0.4298245614035088,0.44274809160305345,0.5887323943661972,0.5395348837209303
CN_Neutral,maternal,clone8,chisel_5x,0.5106324544883867,0.5296541842594474,0.5210526315789473,0.38996138996138996,0.4675925925925926,0.42526315789473684,0.020470597122030476,0.4789473684210526,0.5536723163841808,0.38996138996138996,0.6302250803858521
CN_Neutral,maternal,clone9,chisel_5x,0.4916666666666667,0.5468963439132182,0.4982456140350877,0.4122137404580153,0.45,0.4302788844621514,-0.016460905349794164,0.5017543859649123,0.5333333333333333,0.4122137404580153,0.5714285714285714
CN_Neutral,paternal,normal,chisel_5x,,,1.0,1.0,1.0,1.0,,0.0,,,
CN_Neutral,paternal,clone1,chisel_5x,0.5728404737025427,0.8268648875083154,0.6280701754385964,0.7408376963350786,0.7146464646464646,0.7275064267352185,0.14246785318913402,0.3719298245614035,0.43103448275862066,0.7408376963350786,0.39893617021276595
CN_Neutral,paternal,clone2,chisel_5x,0.5354508992107646,0.8044079194356809,0.5842105263157895,0.7131147540983607,0.6641221374045801,0.6877470355731226,0.06804917422078738,0.41578947368421054,0.4067796610169492,0.7131147540983607,0.35294117647058826
CN_Neutral,paternal,clone3,chisel_5x,0.5467332801754211,0.7119407522356369,0.5543859649122806,0.5945121951219512,0.6170886075949367,0.6055900621118012,0.093901767385971,0.4456140350877193,0.4763779527559055,0.5945121951219512,0.5
CN_Neutral,paternal,clone4,chisel_5x,0.543778801843318,0.7093984962406015,0.5473684210526316,0.6052631578947368,0.5714285714285714,0.5878594249201278,0.08683341198678629,0.45263157894736844,0.5161290322580645,0.6052631578947368,0.48120300751879697
CN_Neutral,paternal,clone5,chisel_5x,0.5377049180327869,0.6669004167397136,0.5333333333333333,0.5776892430278885,0.47540983606557374,0.5215827338129496,0.07441548135034504,0.4666666666666667,0.6,0.5776892430278885,0.49843260188087773
CN_Neutral,paternal,clone6,chisel_5x,0.5126206016769671,0.6671259400151051,0.5140350877192983,0.5506756756756757,0.5309446254071661,0.5406301824212272,0.025165775533136592,0.48596491228070177,0.49429657794676807,0.5506756756756757,0.4744525547445255
CN_Neutral,paternal,clone7,chisel_5x,0.5371388844057654,0.6927425802374743,0.5403508771929825,0.5798045602605864,0.572347266881029,0.5760517799352751,0.0741819895106196,0.45964912280701753,0.5019305019305019,0.5798045602605864,0.49429657794676807
CN_Neutral,paternal,clone8,chisel_5x,0.5320691717332802,0.5984396534276545,0.5368421052631579,0.4806201550387597,0.4881889763779528,0.484375,0.064039408866995,0.4631578947368421,0.5759493670886076,0.4806201550387597,0.5833333333333334
CN_Neutral,paternal,clone9,chisel_5x,0.5179591836734694,0.5544192590956697,0.5350877192982456,0.4532710280373832,0.39591836734693875,0.4226579520697168,0.03648657268610067,0.4649122807017544,0.64,0.4532710280373832,0.5842696629213483
CN_Loss,maternal,normal,chisel_5x,,,1.0,0.0,0.0,0.0,,0.0,,,
CN_Loss,maternal,clone1,chisel_5x,0.621420729355212,0.3988151348520555,0.868421052631579,0.4166666666666667,0.29850746268656714,0.34782608695652173,0.27686998883588754,0.13157894736842105,0.9443339960238568,0.4166666666666667,0.9099616858237548
CN_Loss,maternal,clone2,chisel_5x,0.4770998963014172,0.07956937799043062,0.8421052631578947,0.04,0.045454545454545456,0.0425531914893617,-0.043106954046360446,0.15789473684210525,0.908745247148289,0.04,0.9192307692307692
CN_Loss,maternal,clone3,chisel_5x,0.5942872850859656,0.38910314187128425,0.843859649122807,0.425531914893617,0.24390243902439024,0.31007751937984496,0.22928504147549444,0.156140350877193,0.944672131147541,0.425531914893617,0.8814531548757171
CN_Loss,maternal,clone4,chisel_5x,0.5990873701307072,0.3911026218927334,0.8491228070175438,0.425531914893617,0.25316455696202533,0.31746031746031744,0.23874895176569244,0.15087719298245614,0.945010183299389,0.425531914893617,0.887189292543021
CN_Loss,maternal,clone5,chisel_5x,0.47213729849916625,0.08563372717508055,0.8228070175438597,0.04081632653061224,0.03571428571428571,0.0380952380952381,-0.059011809720024955,0.17719298245614035,0.9085603112840467,0.04081632653061224,0.8963531669865643
CN_Loss,maternal,clone6,chisel_5x,0.47500000000000003,0.10277777777777777,0.8105263157894737,0.05555555555555555,0.05,0.05263157894736842,-0.05230769230769239,0.18947368421052632,0.9,0.05555555555555555,0.8895348837209303
CN_Loss,maternal,clone7,chisel_5x,0.49852941176470583,0.1409326888650197,0.8263157894736842,0.10204081632653061,0.08333333333333333,0.09174311926605505,-0.0031999999999998696,0.1736842105263158,0.9137254901960784,0.10204081632653061,0.8944337811900192
CN_Loss,maternal,clone8,chisel_5x,0.5848417318537383,0.39069685082270894,0.8263157894736842,0.42857142857142855,0.22826086956521738,0.2978723404255319,0.20915435714886343,0.1736842105263158,0.9414225941422594,0.42857142857142855,0.8637236084452975
CN_Loss,maternal,clone9,chisel_5x,0.4785714285714286,0.12350320245057085,0.7964912280701755,0.07407407407407407,0.05714285714285714,0.06451612903225806,-0.04752851711026618,0.20350877192982456,0.9,0.07407407407407407,0.872093023255814
CN_Loss,paternal,normal,chisel_5x,,,1.0,0.0,0.0,0.0,,0.0,,,
CN_Loss,paternal,clone1,chisel_5x,0.6529411764705882,0.4242138364779874,0.8789473684210526,0.41509433962264153,0.36666666666666664,0.3893805309734513,0.32248062015503876,0.12105263157894737,0.9392156862745098,0.41509433962264153,0.9264990328820116
CN_Loss,paternal,clone2,chisel_5x,0.6322857142857142,0.414604693552062,0.8614035087719298,0.41818181818181815,0.32857142857142857,0.368,0.29142407553107785,0.13859649122807016,0.936,0.41818181818181815,0.9087378640776699
CN_Loss,paternal,clone3,chisel_5x,0.6287523452157598,0.4299619240408714,0.8526315789473684,0.44642857142857145,0.32051282051282054,0.373134328358209,0.292176689728579,0.14736842105263157,0.9369918699186992,0.44642857142857145,0.896887159533074
CN_Loss,paternal,clone4,chisel_5x,0.6104027818023761,0.39480646059593427,0.8473684210526315,0.4074074074074074,0.2857142857142857,0.33587786259541985,0.25264490460258615,0.15263157894736842,0.9350912778904665,0.4074074074074074,0.8934108527131783
CN_Loss,paternal,clone5,chisel_5x,0.5949099488425331,0.3924653628453156,0.8263157894736842,0.4107142857142857,0.25842696629213485,0.31724137931034485,0.22360419361052253,0.1736842105263158,0.9313929313929314,0.4107142857142857,0.8715953307392996
CN_Loss,paternal,clone6,chisel_5x,0.6036464294891262,0.4140712267560287,0.8333333333333334,0.4444444444444444,0.2696629213483146,0.3356643356643357,0.2468497037469749,0.16666666666666666,0.9376299376299376,0.4444444444444444,0.874031007751938
CN_Loss,paternal,clone7,chisel_5x,0.6187748942381435,0.4246938883352961,0.843859649122807,0.44642857142857145,0.30120481927710846,0.3597122302158273,0.2746017673806731,0.156140350877193,0.9363449691991786,0.44642857142857145,0.8871595330739299
CN_Loss,paternal,clone8,chisel_5x,0.60604739727913,0.42253010147746994,0.8315789473684211,0.45454545454545453,0.27472527472527475,0.3424657534246575,0.2525611255292993,0.16842105263157894,0.9373695198329853,0.45454545454545453,0.8718446601941747
CN_Loss,paternal,clone9,chisel_5x,0.5975079113924051,0.415703320802005,0.8210526315789474,0.44642857142857145,0.2604166666666667,0.32894736842105265,0.2338709677419355,0.17894736842105263,0.9345991561181435,0.44642857142857145,0.8618677042801557
CN_equal_2,maternal,normal,chisel_5x,,,1.0,0.0,0.0,0.0,,0.0,,,
CN_equal_2,maternal,clone1,chisel_5x,0.5105217788144618,0.11322224480119217,0.8842105263157894,0.08571428571428572,0.08108108108108109,0.08333333333333333,0.021586475942782846,0.11578947368421053,0.9399624765478424,0.08571428571428572,0.9364485981308411
CN_equal_2,maternal,clone2,chisel_5x,0.5191143774703557,0.18608284883720932,0.8368421052631579,0.16279069767441862,0.109375,0.1308411214953271,0.044623869084093215,0.1631578947368421,0.9288537549407114,0.16279069767441862,0.8918406072106262
CN_equal_2,maternal,clone3,chisel_5x,0.5085571800974725,0.14256197439782184,0.8456140350877193,0.10638297872340426,0.09803921568627451,0.10204081632653061,0.01774174597579614,0.1543859649122807,0.9190751445086706,0.10638297872340426,0.9120458891013384
CN_equal_2,maternal,clone4,chisel_5x,0.5265804597701149,0.19244505494505493,0.7912280701754386,0.10989010989010989,0.20833333333333334,0.14388489208633093,0.037790450251085184,0.20877192982456141,0.8448275862068966,0.10989010989010989,0.9206680584551148
CN_equal_2,maternal,clone5,chisel_5x,0.5470647773279352,0.2809981033665244,0.7456140350877193,0.1891891891891892,0.27631578947368424,0.22459893048128343,0.07878017789072422,0.2543859649122807,0.8178137651821862,0.1891891891891892,0.8801742919389978
CN_equal_2,maternal,clone6,chisel_5x,0.49506303333419266,0.18875251996504494,0.7614035087719299,0.12987012987012986,0.12658227848101267,0.1282051282051282,-0.009979935899106174,0.23859649122807017,0.8635437881873728,0.12987012987012986,0.8600405679513184
CN_equal_2,maternal,clone7,chisel_5x,0.503548580567773,0.20469633823951794,0.7666666666666667,0.1506849315068493,0.13414634146341464,0.14193548387096774,0.007436696430909495,0.23333333333333334,0.8729508196721312,0.1506849315068493,0.8571428571428571
CN_equal_2,maternal,clone8,chisel_5x,0.5187951639799889,0.2113128507108479,0.7491228070175439,0.11504424778761062,0.23214285714285715,0.15384615384615385,0.025862275019719383,0.25087719298245614,0.8054474708171206,0.11504424778761062,0.9059080962800875
CN_equal_2,maternal,clone9,chisel_5x,0.49447546076759563,0.2429482314119369,0.6877192982456141,0.14960629921259844,0.21348314606741572,0.17592592592592593,-0.009411624251348005,0.312280701754386,0.7754677754677755,0.14960629921259844,0.8419864559819413
CN_equal_2,paternal,normal,chisel_5x,,,1.0,0.0,0.0,0.0,,0.0,,,
CN_equal_2,paternal,clone1,chisel_5x,0.507311320754717,0.11281328320802006,0.8789473684210526,0.08571428571428572,0.075,0.08,0.015519399249061316,0.12105263157894737,0.939622641509434,0.08571428571428572,0.930841121495327
CN_equal_2,paternal,clone2,chisel_5x,0.48148148148148145,0.07513611615245008,0.8526315789473684,0.034482758620689655,0.06666666666666667,0.045454545454545456,-0.0257069408740358,0.14736842105263157,0.8962962962962963,0.034482758620689655,0.9453125
CN_equal_2,paternal,clone3,chisel_5x,0.5030769230769231,0.11961516694963213,0.868421052631579,0.0967741935483871,0.06,0.07407407407407407,0.0074297654980265415,0.13157894736842105,0.9461538461538461,0.0967741935483871,0.9128014842300557
CN_equal_2,paternal,clone4,chisel_5x,0.5128861429832303,0.17841905901116428,0.7947368421052632,0.1125,0.16363636363636364,0.13333333333333333,0.021423330887747505,0.20526315789473684,0.8621359223300971,0.1125,0.9061224489795918
CN_equal_2,paternal,clone5,chisel_5x,0.5009398496240601,0.18969739785705875,0.7070175438596491,0.06711409395973154,0.2631578947368421,0.10695187165775401,0.0007977662544875752,0.2929824561403509,0.7387218045112782,0.06711409395973154,0.9334916864608076
CN_equal_2,paternal,clone6,chisel_5x,0.5330769230769231,0.2046500867553499,0.7912280701754386,0.12087912087912088,0.22,0.15602836879432624,0.0482671530798372,0.20877192982456141,0.8461538461538461,0.12087912087912088,0.918580375782881
CN_equal_2,paternal,clone7,chisel_5x,0.4703594884203249,0.10463865029495975,0.7912280701754386,0.04819277108433735,0.09090909090909091,0.06299212598425197,-0.04215960421596043,0.20877192982456141,0.8498098859315589,0.04819277108433735,0.917864476386037
CN_equal_2,paternal,clone8,chisel_5x,0.49068627450980395,0.15087719298245614,0.7859649122807018,0.09210526315789473,0.11666666666666667,0.10294117647058823,-0.016666666666666607,0.21403508771929824,0.8647058823529412,0.09210526315789473,0.8927125506072875
CN_equal_2,paternal,clone9,chisel_5x,0.48830409356725146,0.1901913875598086,0.7105263157894737,0.09090909090909091,0.21052631578947367,0.12698412698412698,-0.014760147601476037,0.2894736842105263,0.7660818713450293,0.09090909090909091,0.8972602739726028
CN_equal_3,maternal,normal,chisel_5x,,,1.0,0.0,0.0,0.0,,0.0,,,
CN_equal_3,maternal,clone1,chisel_5x,0.5467938636835702,0.2562058130400628,0.8508771929824561,0.2631578947368421,0.14925373134328357,0.19047619047619047,0.11519777931991682,0.14912280701754385,0.9443339960238568,0.2631578947368421,0.8928571428571429
CN_equal_3,maternal,clone2,chisel_5x,0.49170537491705374,0.05543403964456596,0.9035087719298246,0.02857142857142857,0.045454545454545456,0.03508771929824561,-0.012924071082390798,0.09649122807017543,0.9379562043795621,0.02857142857142857,0.9607476635514018
CN_equal_3,maternal,clone3,chisel_5x,0.5227470298464213,0.22254364725372755,0.8,0.1864406779661017,0.14285714285714285,0.16176470588235295,0.05047198760849869,0.2,0.9026369168356998,0.1864406779661017,0.8708414872798435
CN_equal_3,maternal,clone4,chisel_5x,0.5358818011257036,0.2503615525610813,0.7947368421052632,0.208955223880597,0.1794871794871795,0.19310344827586207,0.07629020194465219,0.20526315789473684,0.8922764227642277,0.208955223880597,0.8727634194831014
CN_equal_3,maternal,clone5,chisel_5x,0.4951175250604908,0.10414673046251995,0.856140350877193,0.06818181818181818,0.06818181818181818,0.06818181818181818,-0.009764949879018214,0.14385964912280702,0.9220532319391636,0.06818181818181818,0.9220532319391636
CN_equal_3,maternal,clone6,chisel_5x,0.5083297117195422,0.11289762868710237,0.8807017543859649,0.08571428571428572,0.07692307692307693,0.08108108108108109,0.017490494296577896,0.11929824561403508,0.9397363465160076,0.08571428571428572,0.9327102803738317
CN_equal_3,maternal,clone7,chisel_5x,0.5086698858647936,0.10789599536862243,0.8789473684210526,0.07317073170731707,0.08823529411764706,0.08,0.015815024273059364,0.12105263157894737,0.9291044776119403,0.07317073170731707,0.941398865784499
CN_equal_3,maternal,clone8,chisel_5x,0.5331121960335443,0.26829292331953475,0.8070175438596491,0.26666666666666666,0.1348314606741573,0.1791044776119403,0.0829311101360245,0.19298245614035087,0.9313929313929314,0.26666666666666666,0.8533333333333334
CN_equal_3,maternal,clone9,chisel_5x,0.49701866574490144,0.10577010708589657,0.8596491228070176,0.07142857142857142,0.06818181818181818,0.06976744186046512,-0.006089489012443661,0.14035087719298245,0.9258555133079848,0.07142857142857142,0.9223484848484849
CN_equal_3,paternal,normal,chisel_5x,,,1.0,0.0,0.0,0.0,,0.0,,,
CN_equal_3,paternal,clone1,chisel_5x,0.5159133231758929,0.12450619555882714,0.8649122807017544,0.07692307692307693,0.12121212121212122,0.09411764705882353,0.025056644009063045,0.13508771929824562,0.9106145251396648,0.07692307692307693,0.944015444015444
CN_equal_3,paternal,clone2,chisel_5x,0.4662921348314607,0.031578947368421054,0.8736842105263158,0.0,0.0,0.0,-0.06741573033707882,0.12631578947368421,0.9325842696629213,0.0,0.9325842696629213
CN_equal_3,paternal,clone3,chisel_5x,0.5409475605708596,0.2020029946040625,0.8122807017543859,0.12345679012345678,0.21739130434782608,0.15748031496062992,0.06079645200036965,0.18771929824561404,0.8645038167938931,0.12345679012345678,0.9263803680981595
CN_equal_3,paternal,clone4,chisel_5x,0.5471095561612628,0.2082835635187259,0.8263157894736842,0.1388888888888889,0.2127659574468085,0.16806722689075632,0.07585732534145628,0.1736842105263158,0.8814531548757171,0.1388888888888889,0.9257028112449799
CN_equal_3,paternal,clone5,chisel_5x,0.4576107899807322,0.04473684210526316,0.8333333333333334,0.0,0.0,0.0,-0.090370907333575,0.16666666666666666,0.9152215799614644,0.0,0.903041825095057
CN_equal_3,paternal,clone6,chisel_5x,0.46888483239296386,0.06145436053902874,0.843859649122807,0.022222222222222223,0.021739130434782608,0.02197802197802198,-0.06285355122564429,0.156140350877193,0.916030534351145,0.022222222222222223,0.9142857142857143
CN_equal_3,paternal,clone7,chisel_5x,0.4857486953030911,0.10407642953228113,0.8350877192982457,0.06382978723404255,0.05660377358490566,0.06,-0.03002806720750506,0.1649122807017544,0.9148936170212766,0.06382978723404255,0.904397705544933
CN_equal_3,paternal,clone8,chisel_5x,0.49955869373345096,0.1536868322737104,0.8,0.0958904109589041,0.12727272727272726,0.109375,-0.0007700600646849409,0.2,0.8718446601941747,0.0958904109589041,0.903420523138833
CN_equal_3,paternal,clone9,chisel_5x,0.4823529411764706,0.1181704260651629,0.8105263157894737,0.07142857142857142,0.06666666666666667,0.06896551724137931,-0.036363636363636376,0.18947368421052632,0.8980392156862745,0.07142857142857142,0.8910505836575876
CN_equal_4,maternal,normal,chisel_5x,,,1.0,0.0,0.0,0.0,,0.0,,,
CN_equal_4,maternal,clone1,chisel_5x,0.5667420814479638,0.1821424663529927,0.9070175438596492,0.13513513513513514,0.19230769230769232,0.15873015873015872,0.11110457247101735,0.09298245614035087,0.9411764705882353,0.13513513513513514,0.9606003752345216
CN_equal_4,maternal,clone2,chisel_5x,0.4978328765377016,0.06453005554638949,0.9140350877192982,0.045454545454545456,0.034482758620689655,0.0392156862745098,-0.0048931424048355154,0.08596491228070176,0.9611829944547134,0.045454545454545456,0.948905109489051
CN_equal_4,maternal,clone3,chisel_5x,0.5497335340303486,0.2082057981834018,0.8666666666666667,0.17777777777777778,0.1702127659574468,0.17391304347826086,0.10143123833229617,0.13333333333333333,0.9292543021032504,0.17777777777777778,0.9257142857142857
CN_equal_4,maternal,clone4,chisel_5x,0.5058911384002656,0.1187150906719815,0.875438596491228,0.0967741935483871,0.06521739130434782,0.07792207792207792,0.01384083044982709,0.12456140350877193,0.9465648854961832,0.0967741935483871,0.9202226345083488
CN_equal_4,maternal,clone5,chisel_5x,0.5121133224482591,0.12552699578403373,0.887719298245614,0.1111111111111111,0.06976744186046512,0.08571428571428572,0.02921922401405086,0.11228070175438597,0.9544592030360531,0.1111111111111111,0.9263351749539595
CN_equal_4,maternal,clone6,chisel_5x,0.48231132075471694,0.061862041467304625,0.875438596491228,0.030303030303030304,0.025,0.0273972602739726,-0.038491147036181506,0.12456140350877193,0.939622641509434,0.030303030303030304,0.9273743016759777
CN_equal_4,maternal,clone7,chisel_5x,0.5149505715796754,0.14558915018041557,0.856140350877193,0.1111111111111111,0.10638297872340426,0.10869565217391304,0.030491599253266943,0.14385964912280702,0.9235181644359465,0.1111111111111111,0.92
CN_equal_4,maternal,clone8,chisel_5x,0.5499057112068966,0.23254688445251054,0.8368421052631579,0.19298245614035087,0.1896551724137931,0.19130434782608696,0.10058027079303677,0.1631578947368421,0.91015625,0.19298245614035087,0.9083820662768031
CN_equal_4,maternal,clone9,chisel_5x,0.48637511137511136,0.103743503603526,0.8368421052631579,0.06382978723404255,0.057692307692307696,0.06060606060606061,-0.028481626634589308,0.1631578947368421,0.915057915057915,0.06382978723404255,0.9063097514340345
CN_equal_4,paternal,normal,chisel_5x,,,1.0,0.0,0.0,0.0,,0.0,,,
CN_equal_4,paternal,clone1,chisel_5x,0.4888323662665925,0.05455088956233121,0.8982456140350877,0.02702702702702703,0.043478260869565216,0.03333333333333333,-0.017293371899809173,0.10175438596491228,0.9341864716636198,0.02702702702702703,0.9587242026266416
CN_equal_4,paternal,clone2,chisel_5x,0.5413636363636364,0.12741228070175437,0.9052631578947369,0.075,0.15,0.1,0.055828220858895716,0.09473684210526316,0.9327272727272727,0.075,0.9679245283018868
CN_equal_4,paternal,clone3,chisel_5x,0.4790216238646319,0.0786007702182285,0.8473684210526315,0.04,0.04878048780487805,0.04395604395604396,-0.03809922545530675,0.15263157894736842,0.9092627599243857,0.04,0.925
CN_equal_4,paternal,clone4,chisel_5x,0.5051498127340824,0.106328320802005,0.8736842105263158,0.07142857142857142,0.08333333333333333,0.07692307692307693,0.009556907037358786,0.12631578947368421,0.9269662921348315,0.07142857142857142,0.9375
CN_equal_4,paternal,clone5,chisel_5x,0.5097402597402598,0.12640692640692638,0.8631578947368421,0.09090909090909091,0.09523809523809523,0.09302325581395349,0.019062748212867353,0.1368421052631579,0.9242424242424242,0.09090909090909091,0.9277566539923955
CN_equal_4,paternal,clone6,chisel_5x,0.5266509433962264,0.15134128926968582,0.8719298245614036,0.11627906976744186,0.125,0.12048192771084337,0.0515158422612263,0.1280701754385965,0.9283018867924528,0.11627906976744186,0.9335863377609108
CN_equal_4,paternal,clone7,chisel_5x,0.5128414456555316,0.14767812766588773,0.8298245614035088,0.09090909090909091,0.13953488372093023,0.11009174311926606,0.020618556701030966,0.17017543859649123,0.8861480075901328,0.09090909090909091,0.9265873015873016
CN_equal_4,paternal,clone8,chisel_5x,0.4766483516483517,0.12095056287261484,0.787719298245614,0.06329113924050633,0.09615384615384616,0.07633587786259542,-0.03786077587504133,0.21228070175438596,0.8571428571428571,0.06329113924050633,0.9042769857433809
CN_equal_4,paternal,clone9,chisel_5x,0.549737338362069,0.23335139186102158,0.8228070175438597,0.1791044776119403,0.20689655172413793,0.192,0.09307161536280295,0.17719298245614035,0.892578125,0.1791044776119403,0.9085487077534792
CN_equal_5,maternal,normal,chisel_5x,,,1.0,0.0,0.0,0.0,,0.0,,,
CN_equal_5,maternal,clone1,chisel_5x,0.493705035971223,0.012280701754385965,0.9631578947368421,0.0,0.0,0.0,-0.016646848989298357,0.03684210526315789,0.987410071942446,0.0,0.9751332149200711
CN_equal_5,maternal,clone2,chisel_5x,0.52672147995889,0.09257233994076099,0.9596491228070175,0.09090909090909091,0.07142857142857142,0.08,0.059675799741787494,0.04035087719298246,0.9820143884892086,0.09090909090909091,0.9767441860465116
CN_equal_5,maternal,clone3,chisel_5x,0.5088877602844083,0.09749601275917066,0.9052631578947369,0.08,0.06060606060606061,0.06896551724137931,0.02005730659025795,0.09473684210526316,0.957169459962756,0.08,0.9431192660550459
CN_equal_5,maternal,clone4,chisel_5x,0.48333333333333334,0.02631578947368421,0.9157894736842105,0.0,0.0,0.0,-0.041095890410958846,0.08421052631578947,0.9666666666666667,0.0,0.9456521739130435
CN_equal_5,maternal,clone5,chisel_5x,0.5037037037037037,0.08730650154798761,0.8947368421052632,0.058823529411764705,0.06666666666666667,0.0625,0.006968641114982632,0.10526315789473684,0.9407407407407408,0.058823529411764705,0.9477611940298507
CN_equal_5,maternal,clone6,chisel_5x,0.4726930320150659,0.034210526315789476,0.8807017543859649,0.0,0.0,0.0,-0.06197599868485959,0.11929824561403508,0.9453860640301318,0.0,0.9279112754158965
CN_equal_5,maternal,clone7,chisel_5x,0.49536178107606677,0.027192982456140352,0.9368421052631579,0.0,0.0,0.0,-0.015338941118258287,0.06315789473684211,0.9907235621521335,0.0,0.9451327433628318
CN_equal_5,maternal,clone8,chisel_5x,0.5444444444444444,0.19444444444444445,0.8719298245614036,0.16666666666666666,0.15555555555555556,0.16091954022988506,0.0916830386378521,0.1280701754385965,0.9333333333333333,0.16666666666666666,0.928030303030303
CN_equal_5,maternal,clone9,chisel_5x,0.5086360172720346,0.15456382892715662,0.856140350877193,0.14285714285714285,0.06451612903225806,0.08888888888888889,0.022748180981851718,0.14385964912280702,0.952755905511811,0.14285714285714285,0.8929889298892989
CN_equal_5,paternal,normal,chisel_5x,,,1.0,0.0,0.0,0.0,,0.0,,,
CN_equal_5,paternal,clone1,chisel_5x,0.4900900900900901,0.013157894736842105,0.9543859649122807,0.0,0.0,0.0,-0.022774327122153215,0.0456140350877193,0.9801801801801802,0.0,0.9731663685152058
CN_equal_5,paternal,clone2,chisel_5x,0.49005424954792043,0.014912280701754385,0.9508771929824561,0.0,0.0,0.0,-0.023995893750802022,0.04912280701754386,0.9801084990958409,0.0,0.9695885509838998
CN_equal_5,paternal,clone3,chisel_5x,0.4927903871829105,0.06494360902255639,0.9,0.041666666666666664,0.02857142857142857,0.03389830508474576,-0.016901408450704203,0.1,0.9570093457943926,0.041666666666666664,0.9377289377289377
CN_equal_5,paternal,clone4,chisel_5x,0.4852941176470588,0.02280701754385965,0.9263157894736842,0.0,0.0,0.0,-0.03600484680630078,0.07368421052631578,0.9705882352941176,0.0,0.9530685920577617
CN_equal_5,paternal,clone5,chisel_5x,0.48134328358208955,0.02982456140350877,0.9052631578947369,0.0,0.0,0.0,-0.04622705642420111,0.09473684210526316,0.9626865671641791,0.0,0.9381818181818182
CN_equal_5,paternal,clone6,chisel_5x,0.5446758039008961,0.15308726361357938,0.9070175438596492,0.12121212121212122,0.14285714285714285,0.13114754098360656,0.08237652633497361,0.09298245614035087,0.9464944649446494,0.12121212121212122,0.9553072625698324
CN_equal_5,paternal,clone7,chisel_5x,0.5324329854716594,0.20182400445558338,0.9473684210526315,0.2857142857142857,0.07407407407407407,0.11764705882352941,0.10009472687085563,0.05263157894736842,0.990791896869245,0.2857142857142857,0.955595026642984
CN_equal_5,paternal,clone8,chisel_5x,0.49497126436781613,0.09566696914700544,0.8719298245614036,0.06896551724137931,0.041666666666666664,0.05194805194805195,-0.01226098379798568,0.1280701754385965,0.9482758620689655,0.06896551724137931,0.9149722735674677
CN_equal_5,paternal,clone9,chisel_5x,0.532311320754717,0.1607693219535325,0.8824561403508772,0.13513513513513514,0.125,0.12987012987012986,0.06694356217933062,0.11754385964912281,0.939622641509434,0.13513513513513514,0.9343339587242027
CN_equal_6,maternal,normal,chisel_5x,,,1.0,0.0,0.0,0.0,,0.0,,,
CN_equal_6,maternal,clone1,chisel_5x,,,0.9982456140350877,0.0,0.0,0.0,0.0,0.0017543859649122807,,,
CN_equal_6,maternal,clone2,chisel_5x,0.4982394366197183,0.0017543859649122807,0.9929824561403509,0.0,0.0,0.0,-0.0035211267605632646,0.007017543859649123,0.9964788732394366,0.0,0.9964788732394366
CN_equal_6,maternal,clone3,chisel_5x,,,0.9929824561403509,0.0,0.0,0.0,0.0,0.007017543859649123,,,
CN_equal_6,maternal,clone4,chisel_5x,,,0.9964912280701754,0.0,0.0,0.0,0.0,0.0035087719298245615,,,
CN_equal_6,maternal,clone5,chisel_5x,0.49822695035460995,0.005263157894736842,0.9859649122807017,0.0,0.0,0.0,-0.005291005291005346,0.014035087719298246,0.9964539007092199,0.0,0.9894366197183099
CN_equal_6,maternal,clone6,chisel_5x,0.4929328621908127,0.0035087719298245615,0.9789473684210527,0.0,0.0,0.0,-0.009445100354191327,0.021052631578947368,0.9858657243816255,0.0,0.9928825622775801
CN_equal_6,maternal,clone7,chisel_5x,0.49823321554770317,0.0035087719298245615,0.9894736842105263,0.0,0.0,0.0,-0.0047003525264393,0.010526315789473684,0.9964664310954063,0.0,0.9929577464788732
CN_equal_6,maternal,clone8,chisel_5x,,,0.987719298245614,0.0,0.0,0.0,0.0,0.012280701754385965,,,
CN_equal_6,maternal,clone9,chisel_5x,0.4911660777385159,0.0035087719298245615,0.9754385964912281,0.0,0.0,0.0,-0.010126582278481067,0.02456140350877193,0.9823321554770318,0.0,0.9928571428571429
CN_equal_6,paternal,normal,chisel_5x,,,1.0,0.0,0.0,0.0,,0.0,,,
CN_equal_6,paternal,clone1,chisel_5x,,,1.0,0.0,0.0,0.0,,0.0,,,
CN_equal_6,paternal,clone2,chisel_5x,,,0.9964912280701754,0.0,0.0,0.0,0.0,0.0035087719298245615,,,
CN_equal_6,paternal,clone3,chisel_5x,,,1.0,0.0,0.0,0.0,,0.0,,,
CN_equal_6,paternal,clone4,chisel_5x,0.49823321554770317,0.0035087719298245615,0.9894736842105263,0.0,0.0,0.0,-0.0047003525264393,0.010526315789473684,0.9964664310954063,0.0,0.9929577464788732
CN_equal_6,paternal,clone5,chisel_5x,,,0.987719298245614,0.0,0.0,0.0,0.0,0.012280701754385965,,,
CN_equal_6,paternal,clone6,chisel_5x,0.4964726631393298,0.002631578947368421,0.987719298245614,0.0,0.0,0.0,-0.00605143721633894,0.012280701754385965,0.9929453262786596,0.0,0.9946996466431095
CN_equal_6,paternal,clone7,chisel_5x,,,0.987719298245614,0.0,0.0,0.0,0.0,0.012280701754385965,,,
CN_equal_6,paternal,clone8,chisel_5x,,,0.9947368421052631,0.0,0.0,0.0,0.0,0.005263157894736842,,,
CN_equal_6,paternal,clone9,chisel_5x,0.4964601769911504,0.0043859649122807015,0.9842105263157894,0.0,0.0,0.0,-0.007858546168958869,0.015789473684210527,0.9929203539823008,0.0,0.991166077738516
CN_equal_7,maternal,normal,chisel_5x,,,1.0,0.0,0.0,0.0,,0.0,,,
CN_equal_7,maternal,clone1,chisel_5x,,,1.0,0.0,0.0,0.0,,0.0,,,
CN_equal_7,maternal,clone2,chisel_5x,,,0.9982456140350877,0.0,0.0,0.0,0.0,0.0017543859649122807,,,
CN_equal_7,maternal,clone3,chisel_5x,,,0.9964912280701754,0.0,0.0,0.0,0.0,0.0035087719298245615,,,
CN_equal_7,maternal,clone4,chisel_5x,,,0.9964912280701754,0.0,0.0,0.0,0.0,0.0035087719298245615,,,
CN_equal_7,maternal,clone5,chisel_5x,,,0.9982456140350877,0.0,0.0,0.0,0.0,0.0017543859649122807,,,
CN_equal_7,maternal,clone6,chisel_5x,,,0.9982456140350877,0.0,0.0,0.0,0.0,0.0017543859649122807,,,
CN_equal_7,maternal,clone7,chisel_5x,,,0.9982456140350877,0.0,0.0,0.0,0.0,0.0017543859649122807,,,
CN_equal_7,maternal,clone8,chisel_5x,,,0.9947368421052631,0.0,0.0,0.0,0.0,0.005263157894736842,,,
CN_equal_7,maternal,clone9,chisel_5x,,,0.9947368421052631,0.0,0.0,0.0,0.0,0.005263157894736842,,,
CN_equal_7,paternal,normal,chisel_5x,,,1.0,0.0,0.0,0.0,,0.0,,,
CN_equal_7,paternal,clone1,chisel_5x,,,1.0,0.0,0.0,0.0,,0.0,,,
CN_equal_7,paternal,clone2,chisel_5x,,,0.9982456140350877,0.0,0.0,0.0,0.0,0.0017543859649122807,,,
CN_equal_7,paternal,clone3,chisel_5x,,,1.0,0.0,0.0,0.0,,0.0,,,
CN_equal_7,paternal,clone4,chisel_5x,,,1.0,0.0,0.0,0.0,,0.0,,,
CN_equal_7,paternal,clone5,chisel_5x,,,0.9982456140350877,0.0,0.0,0.0,0.0,0.0017543859649122807,,,
CN_equal_7,paternal,clone6,chisel_5x,,,0.9982456140350877,0.0,0.0,0.0,0.0,0.0017543859649122807,,,
CN_equal_7,paternal,clone7,chisel_5x,0.4982425307557118,0.0008771929824561404,0.9947368421052631,0.0,0.0,0.0,-0.0023446658851113966,0.005263157894736842,0.9964850615114236,0.0,0.9982394366197183
CN_equal_7,paternal,clone8,chisel_5x,,,0.9982456140350877,0.0,0.0,0.0,0.0,0.0017543859649122807,,,
CN_equal_7,paternal,clone9,chisel_5x,0.4982425307557118,0.0008771929824561404,0.9947368421052631,0.0,0.0,0.0,-0.0023446658851113966,0.005263157894736842,0.9964850615114236,0.0,0.9982394366197183
CN_equal_8,maternal,normal,chisel_5x,,,1.0,0.0,0.0,0.0,,0.0,,,
CN_equal_8,maternal,clone1,chisel_5x,,,1.0,0.0,0.0,0.0,,0.0,,,
CN_equal_8,maternal,clone2,chisel_5x,,,0.9964912280701754,0.0,0.0,0.0,0.0,0.0035087719298245615,,,
CN_equal_8,maternal,clone3,chisel_5x,0.4982425307557118,0.0008771929824561404,0.9947368421052631,0.0,0.0,0.0,-0.0023446658851113966,0.005263157894736842,0.9964850615114236,0.0,0.9982394366197183
CN_equal_8,maternal,clone4,chisel_5x,,,0.9947368421052631,0.0,0.0,0.0,0.0,0.005263157894736842,,,
CN_equal_8,maternal,clone5,chisel_5x,,,0.9947368421052631,0.0,0.0,0.0,0.0,0.005263157894736842,,,
CN_equal_8,maternal,clone6,chisel_5x,,,0.9929824561403509,0.0,0.0,0.0,0.0,0.007017543859649123,,,
CN_equal_8,maternal,clone7,chisel_5x,,,0.9964912280701754,0.0,0.0,0.0,0.0,0.0035087719298245615,,,
CN_equal_8,maternal,clone8,chisel_5x,0.49559859154929575,0.0017543859649122807,0.987719298245614,0.0,0.0,0.0,-0.005037783375314797,0.012280701754385965,0.9911971830985915,0.0,0.9964601769911504
CN_equal_8,maternal,clone9,chisel_5x,,,0.9929824561403509,0.0,0.0,0.0,0.0,0.007017543859649123,,,
CN_equal_8,paternal,normal,chisel_5x,,,1.0,0.0,0.0,0.0,,0.0,,,
CN_equal_8,paternal,clone1,chisel_5x,,,0.9982456140350877,0.0,0.0,0.0,0.0,0.0017543859649122807,,,
CN_equal_8,paternal,clone2,chisel_5x,0.4982425307557118,0.0008771929824561404,0.9947368421052631,0.0,0.0,0.0,-0.0023446658851113966,0.005263157894736842,0.9964850615114236,0.0,0.9982394366197183
CN_equal_8,paternal,clone3,chisel_5x,,,0.9964912280701754,0.0,0.0,0.0,0.0,0.0035087719298245615,,,
CN_equal_8,paternal,clone4,chisel_5x,,,0.9982456140350877,0.0,0.0,0.0,0.0,0.0017543859649122807,,,
CN_equal_8,paternal,clone5,chisel_5x,0.49471830985915494,0.0017543859649122807,0.9859649122807017,0.0,0.0,0.0,-0.005291005291005346,0.014035087719298246,0.9894366197183099,0.0,0.9964539007092199
CN_equal_8,paternal,clone6,chisel_5x,0.4964726631393298,0.002631578947368421,0.987719298245614,0.0,0.0,0.0,-0.00605143721633894,0.012280701754385965,0.9929453262786596,0.0,0.9946996466431095
CN_equal_8,paternal,clone7,chisel_5x,0.4982425307557118,0.0008771929824561404,0.9947368421052631,0.0,0.0,0.0,-0.0023446658851113966,0.005263157894736842,0.9964850615114236,0.0,0.9982394366197183
CN_equal_8,paternal,clone8,chisel_5x,,,0.9947368421052631,0.0,0.0,0.0,0.0,0.005263157894736842,,,
CN_equal_8,paternal,clone9,chisel_5x,0.4982363315696649,0.002631578947368421,0.9912280701754386,0.0,0.0,0.0,-0.0042283298097252064,0.008771929824561403,0.9964726631393298,0.0,0.9947183098591549
CN_over_9,maternal,normal,chisel_5x,,,1.0,0.0,0.0,0.0,,0.0,,,
CN_over_9,maternal,clone1,chisel_5x,0.4973637961335677,0.0008771929824561404,0.9929824561403509,0.0,0.0,0.0,-0.0026385224274407815,0.007017543859649123,0.9947275922671354,0.0,0.9982363315696648
CN_over_9,maternal,clone2,chisel_5x,,,0.9982456140350877,0.0,0.0,0.0,0.0,0.0017543859649122807,,,
CN_over_9,maternal,clone3,chisel_5x,0.4973637961335677,0.0008771929824561404,0.9929824561403509,0.0,0.0,0.0,-0.0026385224274407815,0.007017543859649123,0.9947275922671354,0.0,0.9982363315696648
CN_over_9,maternal,clone4,chisel_5x,,,0.9964912280701754,0.0,0.0,0.0,0.0,0.0035087719298245615,,,
CN_over_9,maternal,clone5,chisel_5x,,,0.9964912280701754,0.0,0.0,0.0,0.0,0.0035087719298245615,,,
CN_over_9,maternal,clone6,chisel_5x,,,0.9964912280701754,0.0,0.0,0.0,0.0,0.0035087719298245615,,,
CN_over_9,maternal,clone7,chisel_5x,,,0.9982456140350877,0.0,0.0,0.0,0.0,0.0017543859649122807,,,
CN_over_9,maternal,clone8,chisel_5x,,,0.9964912280701754,0.0,0.0,0.0,0.0,0.0035087719298245615,,,
CN_over_9,maternal,clone9,chisel_5x,,,0.9964912280701754,0.0,0.0,0.0,0.0,0.0035087719298245615,,,
CN_over_9,paternal,normal,chisel_5x,,,1.0,0.0,0.0,0.0,,0.0,,,
CN_over_9,paternal,clone1,chisel_5x,,,0.9964912280701754,0.0,0.0,0.0,0.0,0.0035087719298245615,,,
CN_over_9,paternal,clone2,chisel_5x,,,0.9964912280701754,0.0,0.0,0.0,0.0,0.0035087719298245615,,,
CN_over_9,paternal,clone3,chisel_5x,,,0.9964912280701754,0.0,0.0,0.0,0.0,0.0035087719298245615,,,
CN_over_9,paternal,clone4,chisel_5x,,,0.9964912280701754,0.0,0.0,0.0,0.0,0.0035087719298245615,,,
CN_over_9,paternal,clone5,chisel_5x,,,0.9982456140350877,0.0,0.0,0.0,0.0,0.0017543859649122807,,,
CN_over_9,paternal,clone6,chisel_5x,,,0.9947368421052631,0.0,0.0,0.0,0.0,0.005263157894736842,,,
CN_over_9,paternal,clone7,chisel_5x,,,1.0,0.0,0.0,0.0,,0.0,,,
CN_over_9,paternal,clone8,chisel_5x,,,0.9947368421052631,0.0,0.0,0.0,0.0,0.005263157894736842,,,
CN_over_9,paternal,clone9,chisel_5x,,,0.9912280701754386,0.0,0.0,0.0,0.0,0.008771929824561403,,,
